{
  "project_info": {
    "project_number": "662040056199",
    "firebase_url": "https://smartgrocer-c8d6a-default-rtdb.firebaseio.com",
    "project_id": "smartgrocer-c8d6a",
    "storage_bucket": "smartgrocer-c8d6a.firebasestorage.app"
  },
  "client": [
    {
      "client_info": {
        "mobilesdk_app_id": "1:662040056199:android:a0c0eb671e7bb1df78c322",
        "android_client_info": {
          "package_name": "com.example.grocer"
        }
      },
      "oauth_client": [],
      "api_key": [
        {
          "current_key": "AIzaSyCUC0RcBoiVz5Dn98KqWdxPJYtCxw20F58"
        }
      ],
      "services": {
        "appinvite_service": {
          "other_platform_oauth_client": []
        }
      }
    }
  ],
  "configuration_version": "1"
}